Workbook

Sheet Start here
B2: Bid Decision Workbook
B3: Which bids are worth your time, and are you winning the ones you chase?
B5: WHAT THIS DOES
B6: Log every bid you consider on the Bids sheet. The sheet works out, from your own history, how often you win from each lead source, what a bid is worth once you allow for that, and whether the hours it takes to bid are worth it. The Summary sheet shows win rate by lead source, why you lose, and how much submitted work is sitting against the capacity you set.
B8: WHAT THIS DOES NOT DO
B9: It does not price or estimate a job, write proposals or invoices, schedule work, or track costs on a job. It is one file for one decision: bid or don't.
B11: HOW TO USE IT (five minutes)
B12: 1. On Settings, enter your bidding hourly rate, the monthly capacity you can take on, and your lead sources. Yellow cells are yours to edit.
B13: 2. On Bids, delete the grey EXAMPLE rows and enter your own. One row per bid. Use the drop-downs for Lead source, Status and Loss reason.
B14: 3. Read the Signal column before you spend hours bidding. Read Summary once a month.
B15: 4. Google Sheets: File > Import > Upload this file > 'Replace spreadsheet'. Everything works unchanged.
B17: HOW THE SIGNAL IS WORKED OUT
... B24: Version 1.0, September 2026.

Sheet Settings
A1: Settings
A2: Yellow cells are yours. Everything on Bids and Summary reads from here.
A4: Your bidding hourly rate ($ per hour) | B4: 75 | C4: What an hour of your time spent bidding is worth to you. Used for bid cost.
A5: Monthly capacity ($ of work you can take on) | B5: 40000 | C5: Roughly how much work you can deliver in a month. Used on Summary against submitted bids.
A6: Starting guess at win rate (until you have history) | B6: 0.25 | C6: Used only while you have no decided bids. Stored as a fraction; 0.25 shows as 25%.
A7: Decided bids needed before a lead source uses its own rate | B7: 3 | C7: Below this, a source uses your overall win rate instead of its own.
A8: 'Worth it' multiple (expected value per bid hour vs your rate) | B8: 2 | C8: At or above this multiple of your rate the Signal says 'Worth it'.
A9: Follow-up after this many days submitted with no decision | B9: 14 | C9: Submitted bids older than this with no Won/Lost show a follow-up flag.
A10: 'Due soon' means due within this many days | B10: 5 | C10: Used for the Due flag on Bids.
A13: Lead sources (edit; these feed the drop-down on Bids)
A14: Referral
A15: Repeat client
A16: Website
A17: Public bid notice
A18: General contractor
A19: Supplier
A20: Cold enquiry
A21: Other
A25: Status values (fixed)
A26: Considering
A27: Bidding
... A39: Other

Sheet Bids
A1: Bid # | B1: Client | C1: Scope (one line) | D1: Lead source | E1: Received | F1: Due | G1: Est. value ($) | H1: Hours to bid | I1: Status | J1: Submitted | K1: Decided | L1: Loss reason | M1: Notes | N1: Days to due | O1: Due flag | P1: Follow-up | Q1: Win rate used | R1: Expected value ($) | S1: Bid cost ($) | T1: EV per bid hour ($) | U1: Signal
A2: 1 | B2: EXAMPLE Mill Street Housing | C2: Kitchen casework, 6 units | D2: Public bid notice | E2: 46260 | F2: 46289 | G2: 48000 | H2: 10 | I2: Submitted | J2: 46268 | N2: =IF(OR($F2="",$B2=""),"",$F2-TODAY()) | O2: =IF($B2="","",IF(OR($I2="Won",$I2="Lost",$I2="No bid",$I2="Submitted"),"",IF($F2="","No due date",IF($F2<TODAY(),"OVERDUE",IF($F2-TODAY()<=Settings!$B$10,"Due soon",""))))) | P2: =IF($B2="","",IF(AND($I2="Submitted",$J2<>"",TODAY()-$J2>Settings!$B$9),"Follow up","")) | Q2: =IF($B2="","",IF((COUNTIFS($D$2:$D$200,$D2,$I$2:$I$200,"Won")+COUNTIFS($D$2:$D$200,$D2,$I$2:$I$200,"Lost"))>=Settings!$B$7,COUNTIFS($D$2:$D$200,$D2,$I$2:$I$200,"Won")/(COUNTIFS($D$2:$D$200,$D2,$I$2:$I$200,"Won")+COUNTIFS($D$2:$D$200,$D2,$I$2:$I$200,"Lost")),IF((COUNTIF($I$2:$I$200,"Won")+COUNTIF($I$2:$I$200,"Lost"))>0,COUNTIF($I$2:$I$200,"Won")/(COUNTIF($I$2:$I$200,"Won")+COUNTIF($I$2:$I$200,"Lost")),Settings!$B$6))) | R2: =IF(OR($B2="",$G2=""),"",$G2*$Q2) | S2: =IF(OR($B2="",$H2=""),"",$H2*Settings!$B$4) | T2: =IF(OR($B2="",$H2="",$H2=0,$G2=""),"",$R2/$H2) | U2: =IF($B2="","",IF($T2="","Add value and hours",IF($T2>=Settings!$B$4*Settings!$B$8,"Worth it",IF($T2>=Settings!$B$4,"Thin","Skip?"))))
A3: 2 | B3: EXAMPLE Harbor Dental | C3: Reception desk and cabinetry | D3: Referral | E3: 46245 | F3: 46270 | G3: 18500 | H3: 4 | I3: Won | J3: 46250 | K3: 46265 | M3: Second job from this dentist | N3: =IF(OR($F3="",$B3=""),"",$F3-TODAY()) | O3: =IF($B3="","",IF(OR($I3="Won",$I3="Lost",$I3="No bid",$I3="Submitted"),"",IF($F3="","No due date",IF($F3<TODAY(),"OVERDUE",IF($F3-TODAY()<=Settings!$B$10,"Due soon",""))))) | P3: =IF($B3="","",IF(AND($I3="Submitted",$J3<>"",TODAY()-$J3>Settings!$B$9),"Follow up","")) | Q3: =IF($B3="","",IF((COUNTIFS($D$2:$D$200,$D3,$I$2:$I$200,"Won")+COUNTIFS($D$2:$D$200,$D3,$I$2:$I$200,"Lost"))>=Settings!$B$7,COUNTIFS($D$2:$D$200,$D3,$I$2:$I$200,"Won")/(COUNTIFS($D$2:$D$200,$D3,$I$2:$I$200,"Won")+COUNTIFS($D$2:$D$200,$D3,$I$2:$I$200,"Lost")),IF((COUNTIF($I$2:$I$200,"Won")+COUNTIF($I$2:$I$200,"Lost"))>0,COUNTIF($I$2:$I$200,"Won")/(COUNTIF($I$2:$I$200,"Won")+COUNTIF($I$2:$I$200,"Lost")),Settings!$B$6))) | R3: =IF(OR($B3="",$G3=""),"",$G3*$Q3) | S3: =IF(OR($B3="",$H3=""),"",$H3*Settings!$B$4) | T3: =IF(OR($B3="",$H3="",$H3=0,$G3=""),"",$R3/$H3) | U3: =IF($B3="","",IF($T3="","Add value and hours",IF($T3>=Settings!$B$4*Settings!$B$8,"Worth it",IF($T3>=Settings!$B$4,"Thin","Skip?"))))
A4: 3 | B4: EXAMPLE Northside Builders | C4: Sub-bid: library shelving | D4: General contractor | E4: 46240 | F4: 46255 | G4: 62000 | H4: 12 | I4: Lost | J4: 46250 | K4: 46260 | L4: Price | N4: =IF(OR($F4="",$B4=""),"",$F4-TODAY()) | O4: =IF($B4="","",IF(OR($I4="Won",$I4="Lost",$I4="No bid",$I4="Submitted"),"",IF($F4="","No due date",IF($F4<TODAY(),"OVERDUE",IF($F4-TODAY()<=Settings!$B$10,"Due soon",""))))) | P4: =IF($B4="","",IF(AND($I4="Submitted",$J4<>"",TODAY()-$J4>Settings!$B$9),"Follow up","")) | Q4: =IF($B4="","",IF((COUNTIFS($D$2:$D$200,$D4,$I$2:$I$200,"Won")+COUNTIFS($D$2:$D$200,$D4,$I$2:$I$200,"Lost"))>=Settings!$B$7,COUNTIFS($D$2:$D$200,$D4,$I$2:$I$200,"Won")/(COUNTIFS($D$2:$D$200,$D4,$I$2:$I$200,"Won")+COUNTIFS($D$2:$D$200,$D4,$I$2:$I$200,"Lost")),IF((COUNTIF($I$2:$I$200,"Won")+COUNTIF($I$2:$I$200,"Lost"))>0,COUNTIF($I$2:$I$200,"Won")/(COUNTIF($I$2:$I$200,"Won")+COUNTIF($I$2:$I$200,"Lost")),Settings!$B$6))) | R4: =IF(OR($B4="",$G4=""),"",$G4*$Q4) | S4: =IF(OR($B4="",$H4=""),"",$H4*Settings!$B$4) | T4: =IF(OR($B4="",$H4="",$H4=0,$G4=""),"",$R4/$H4) | U4: =IF($B4="","",IF($T4="","Add value and hours",IF($T4>=Settings!$B$4*Settings!$B$8,"Worth it",IF($T4>=Settings!$B$4,"Thin","Skip?"))))
A5: 4 | B5: EXAMPLE Ames Residence | C5: Custom vanity, two baths | D5: Website | E5: 46272 | F5: 46284 | G5: 7200 | H5: 2 | I5: Bidding | N5: =IF(OR($F5="",$B5=""),"",$F5-TODAY()) | O5: =IF($B5="","",IF(OR($I5="Won",$I5="Lost",$I5="No bid",$I5="Submitted"),"",IF($F5="","No due date",IF($F5<TODAY(),"OVERDUE",IF($F5-TODAY()<=Settings!$B$10,"Due soon",""))))) | P5: =IF($B5="","",IF(AND($I5="Submitted",$J5<>"",TODAY()-$J5>Settings!$B$9),"Follow up","")) | Q5: =IF($B5="","",IF((COUNTIFS($D$2:$D$200,$D5,$I$2:$I$200,"Won")+COUNTIFS($D$2:$D$200,$D5,$I$2:$I$200,"Lost"))>=Settings!$B$7,COUNTIFS($D$2:$D$200,$D5,$I$2:$I$200,"Won")/(COUNTIFS($D$2:$D$200,$D5,$I$2:$I$200,"Won")+COUNTIFS($D$2:$D$200,$D5,$I$2:$I$200,"Lost")),IF((COUNTIF($I$2:$I$200,"Won")+COUNTIF($I$2:$I$200,"Lost"))>0,COUNTIF($I$2:$I$200,"Won")/(COUNTIF($I$2:$I$200,"Won")+COUNTIF($I$2:$I$200,"Lost")),Settings!$B$6))) | R5: =IF(OR($B5="",$G5=""),"",$G5*$Q5) | S5: =IF(OR($B5="",$H5=""),"",$H5*Settings!$B$4) | T5: =IF(OR($B5="",$H5="",$H5=0,$G5=""),"",$R5/$H5) | U5: =IF($B5="","",IF($T5="","Add value and hours",IF($T5>=Settings!$B$4*Settings!$B$8,"Worth it",IF($T5>=Settings!$B$4,"Thin","Skip?"))))
A6: 5 | B6: EXAMPLE Town of Elmford | C6: Counter ADA rebuild | D6: Public bid notice | E6: 46230 | F6: 46240 | G6: 21000 | H6: 8 | I6: Lost | J6: 46235 | K6: 46242 | L6: Never heard back | N6: =IF(OR($F6="",$B6=""),"",$F6-TODAY()) | O6: =IF($B6="","",IF(OR($I6="Won",$I6="Lost",$I6="No bid",$I6="Submitted"),"",IF($F6="","No due date",IF($F6<TODAY(),"OVERDUE",IF($F6-TODAY()<=Settings!$B$10,"Due soon",""))))) | P6: =IF($B6="","",IF(AND($I6="Submitted",$J6<>"",TODAY()-$J6>Settings!$B$9),"Follow up","")) | Q6: =IF($B6="","",IF((COUNTIFS($D$2:$D$200,$D6,$I$2:$I$200,"Won")+COUNTIFS($D$2:$D$200,$D6,$I$2:$I$200,"Lost"))>=Settings!$B$7,COUNTIFS($D$2:$D$200,$D6,$I$2:$I$200,"Won")/(COUNTIFS($D$2:$D$200,$D6,$I$2:$I$200,"Won")+COUNTIFS($D$2:$D$200,$D6,$I$2:$I$200,"Lost")),IF((COUNTIF($I$2:$I$200,"Won")+COUNTIF($I$2:$I$200,"Lost"))>0,COUNTIF($I$2:$I$200,"Won")/(COUNTIF($I$2:$I$200,"Won")+COUNTIF($I$2:$I$200,"Lost")),Settings!$B$6))) | R6: =IF(OR($B6="",$G6=""),"",$G6*$Q6) | S6: =IF(OR($B6="",$H6=""),"",$H6*Settings!$B$4) | T6: =IF(OR($B6="",$H6="",$H6=0,$G6=""),"",$R6/$H6) | U6: =IF($B6="","",IF($T6="","Add value and hours",IF($T6>=Settings!$B$4*Settings!$B$8,"Worth it",IF($T6>=Settings!$B$4,"Thin","Skip?"))))
A7: 6 | B7: EXAMPLE Petra Cafe | C7: Bar front and back bar | D7: Referral | E7: 46220 | F7: 46230 | G7: 15800 | H7: 3 | I7: Won | J7: 46225 | K7: 46232 | N7: =IF(OR($F7="",$B7=""),"",$F7-TODAY()) | O7: =IF($B7="","",IF(OR($I7="Won",$I7="Lost",$I7="No bid",$I7="Submitted"),"",IF($F7="","No due date",IF($F7<TODAY(),"OVERDUE",IF($F7-TODAY()<=Settings!$B$10,"Due soon",""))))) | P7: =IF($B7="","",IF(AND($I7="Submitted",$J7<>"",TODAY()-$J7>Settings!$B$9),"Follow up","")) | Q7: =IF($B7="","",IF((COUNTIFS($D$2:$D$200,$D7,$I$2:$I$200,"Won")+COUNTIFS($D$2:$D$200,$D7,$I$2:$I$200,"Lost"))>=Settings!$B$7,COUNTIFS($D$2:$D$200,$D7,$I$2:$I$200,"Won")/(COUNTIFS($D$2:$D$200,$D7,$I$2:$I$200,"Won")+COUNTIFS($D$2:$D$200,$D7,$I$2:$I$200,"Lost")),IF((COUNTIF($I$2:$I$200,"Won")+COUNTIF($I$2:$I$200,"Lost"))>0,COUNTIF($I$2:$I$200,"Won")/(COUNTIF($I$2:$I$200,"Won")+COUNTIF($I$2:$I$200,"Lost")),Settings!$B$6))) | R7: =IF(OR($B7="",$G7=""),"",$G7*$Q7) | S7: =IF(OR($B7="",$H7=""),"",$H7*Settings!$B$4) | T7: =IF(OR($B7="",$H7="",$H7=0,$G7=""),"",$R7/$H7) | U7: =IF($B7="","",IF($T7="","Add value and hours",IF($T7>=Settings!$B$4*Settings!$B$8,"Worth it",IF($T7>=Settings!$B$4,"Thin","Skip?"))))
A8: 7 | B8: EXAMPLE Bright Learning | C8: Classroom cubbies x 4 rooms | D8: Cold enquiry | E8: 46277 | F8: 46292 | G8: 9900 | H8: 3 | I8: Considering | M8: Asked for drawings | N8: =IF(OR($F8="",$B8=""),"",$F8-TODAY()) | O8: =IF($B8="","",IF(OR($I8="Won",$I8="Lost",$I8="No bid",$I8="Submitted"),"",IF($F8="","No due date",IF($F8<TODAY(),"OVERDUE",IF($F8-TODAY()<=Settings!$B$10,"Due soon",""))))) | P8: =IF($B8="","",IF(AND($I8="Submitted",$J8<>"",TODAY()-$J8>Settings!$B$9),"Follow up","")) | Q8: =IF($B8="","",IF((COUNTIFS($D$2:$D$200,$D8,$I$2:$I$200,"Won")+COUNTIFS($D$2:$D$200,$D8,$I$2:$I$200,"Lost"))>=Settings!$B$7,COUNTIFS($D$2:$D$200,$D8,$I$2:$I$200,"Won")/(COUNTIFS($D$2:$D$200,$D8,$I$2:$I$200,"Won")+COUNTIFS($D$2:$D$200,$D8,$I$2:$I$200,"Lost")),IF((COUNTIF($I$2:$I$200,"Won")+COUNTIF($I$2:$I$200,"Lost"))>0,COUNTIF($I$2:$I$200,"Won")/(COUNTIF($I$2:$I$200,"Won")+COUNTIF($I$2:$I$200,"Lost")),Settings!$B$6))) | R8: =IF(OR($B8="",$G8=""),"",$G8*$Q8) | S8: =IF(OR($B8="",$H8=""),"",$H8*Settings!$B$4) | T8: =IF(OR($B8="",$H8="",$H8=0,$G8=""),"",$R8/$H8) | U8: =IF($B8="","",IF($T8="","Add value and hours",IF($T8>=Settings!$B$4*Settings!$B$8,"Worth it",IF($T8>=Settings!$B$4,"Thin","Skip?"))))
A9: 8 | B9: EXAMPLE Lowell Fire Station | C9: Sub-bid: lockers and benches | D9: General contractor | E9: 46210 | F9: 46220 | G9: 31000 | H9: 9 | I9: No bid | M9: No capacity that month | N9: =IF(OR($F9="",$B9=""),"",$F9-TODAY()) | O9: =IF($B9="","",IF(OR($I9="Won",$I9="Lost",$I9="No bid",$I9="Submitted"),"",IF($F9="","No due date",IF($F9<TODAY(),"OVERDUE",IF($F9-TODAY()<=Settings!$B$10,"Due soon",""))))) | P9: =IF($B9="","",IF(AND($I9="Submitted",$J9<>"",TODAY()-$J9>Settings!$B$9),"Follow up","")) | Q9: =IF($B9="","",IF((COUNTIFS($D$2:$D$200,$D9,$I$2:$I$200,"Won")+COUNTIFS($D$2:$D$200,$D9,$I$2:$I$200,"Lost"))>=Settings!$B$7,COUNTIFS($D$2:$D$200,$D9,$I$2:$I$200,"Won")/(COUNTIFS($D$2:$D$200,$D9,$I$2:$I$200,"Won")+COUNTIFS($D$2:$D$200,$D9,$I$2:$I$200,"Lost")),IF((COUNTIF($I$2:$I$200,"Won")+COUNTIF($I$2:$I$200,"Lost"))>0,COUNTIF($I$2:$I$200,"Won")/(COUNTIF($I$2:$I$200,"Won")+COUNTIF($I$2:$I$200,"Lost")),Settings!$B$6))) | R9: =IF(OR($B9="",$G9=""),"",$G9*$Q9) | S9: =IF(OR($B9="",$H9=""),"",$H9*Settings!$B$4) | T9: =IF(OR($B9="",$H9="",$H9=0,$G9=""),"",$R9/$H9) | U9: =IF($B9="","",IF($T9="","Add value and hours",IF($T9>=Settings!$B$4*Settings!$B$8,"Worth it",IF($T9>=Settings!$B$4,"Thin","Skip?"))))
N10: =IF(OR($F10="",$B10=""),"",$F10-TODAY()) | O10: =IF($B10="","",IF(OR($I10="Won",$I10="Lost",$I10="No bid",$I10="Submitted"),"",IF($F10="","No due date",IF($F10<TODAY(),"OVERDUE",IF($F10-TODAY()<=Settings!$B$10,"Due soon",""))))) | P10: =IF($B10="","",IF(AND($I10="Submitted",$J10<>"",TODAY()-$J10>Settings!$B$9),"Follow up","")) | Q10: =IF($B10="","",IF((COUNTIFS($D$2:$D$200,$D10,$I$2:$I$200,"Won")+COUNTIFS($D$2:$D$200,$D10,$I$2:$I$200,"Lost"))>=Settings!$B$7,COUNTIFS($D$2:$D$200,$D10,$I$2:$I$200,"Won")/(COUNTIFS($D$2:$D$200,$D10,$I$2:$I$200,"Won")+COUNTIFS($D$2:$D$200,$D10,$I$2:$I$200,"Lost")),IF((COUNTIF($I$2:$I$200,"Won")+COUNTIF($I$2:$I$200,"Lost"))>0,COUNTIF($I$2:$I$200,"Won")/(COUNTIF($I$2:$I$200,"Won")+COUNTIF($I$2:$I$200,"Lost")),Settings!$B$6))) | R10: =IF(OR($B10="",$G10=""),"",$G10*$Q10) | S10: =IF(OR($B10="",$H10=""),"",$H10*Settings!$B$4) | T10: =IF(OR($B10="",$H10="",$H10=0,$G10=""),"",$R10/$H10) | U10: =IF($B10="","",IF($T10="","Add value and hours",IF($T10>=Settings!$B$4*Settings!$B$8,"Worth it",IF($T10>=Settings!$B$4,"Thin","Skip?"))))
N11: =IF(OR($F11="",$B11=""),"",$F11-TODAY()) | O11: =IF($B11="","",IF(OR($I11="Won",$I11="Lost",$I11="No bid",$I11="Submitted"),"",IF($F11="","No due date",IF($F11<TODAY(),"OVERDUE",IF($F11-TODAY()<=Settings!$B$10,"Due soon",""))))) | P11: =IF($B11="","",IF(AND($I11="Submitted",$J11<>"",TODAY()-$J11>Settings!$B$9),"Follow up","")) | Q11: =IF($B11="","",IF((COUNTIFS($D$2:$D$200,$D11,$I$2:$I$200,"Won")+COUNTIFS($D$2:$D$200,$D11,$I$2:$I$200,"Lost"))>=Settings!$B$7,COUNTIFS($D$2:$D$200,$D11,$I$2:$I$200,"Won")/(COUNTIFS($D$2:$D$200,$D11,$I$2:$I$200,"Won")+COUNTIFS($D$2:$D$200,$D11,$I$2:$I$200,"Lost")),IF((COUNTIF($I$2:$I$200,"Won")+COUNTIF($I$2:$I$200,"Lost"))>0,COUNTIF($I$2:$I$200,"Won")/(COUNTIF($I$2:$I$200,"Won")+COUNTIF($I$2:$I$200,"Lost")),Settings!$B$6))) | R11: =IF(OR($B11="",$G11=""),"",$G11*$Q11) | S11: =IF(OR($B11="",$H11=""),"",$H11*Settings!$B$4) | T11: =IF(OR($B11="",$H11="",$H11=0,$G11=""),"",$R11/$H11) | U11: =IF($B11="","",IF($T11="","Add value and hours",IF($T11>=Settings!$B$4*Settings!$B$8,"Worth it",IF($T11>=Settings!$B$4,"Thin","Skip?"))))
N12: =IF(OR($F12="",$B12=""),"",$F12-TODAY()) | O12: =IF($B12="","",IF(OR($I12="Won",$I12="Lost",$I12="No bid",$I12="Submitted"),"",IF($F12="","No due date",IF($F12<TODAY(),"OVERDUE",IF($F12-TODAY()<=Settings!$B$10,"Due soon",""))))) | P12: =IF($B12="","",IF(AND($I12="Submitted",$J12<>"",TODAY()-$J12>Settings!$B$9),"Follow up","")) | Q12: =IF($B12="","",IF((COUNTIFS($D$2:$D$200,$D12,$I$2:$I$200,"Won")+COUNTIFS($D$2:$D$200,$D12,$I$2:$I$200,"Lost"))>=Settings!$B$7,COUNTIFS($D$2:$D$200,$D12,$I$2:$I$200,"Won")/(COUNTIFS($D$2:$D$200,$D12,$I$2:$I$200,"Won")+COUNTIFS($D$2:$D$200,$D12,$I$2:$I$200,"Lost")),IF((COUNTIF($I$2:$I$200,"Won")+COUNTIF($I$2:$I$200,"Lost"))>0,COUNTIF($I$2:$I$200,"Won")/(COUNTIF($I$2:$I$200,"Won")+COUNTIF($I$2:$I$200,"Lost")),Settings!$B$6))) | R12: =IF(OR($B12="",$G12=""),"",$G12*$Q12) | S12: =IF(OR($B12="",$H12=""),"",$H12*Settings!$B$4) | T12: =IF(OR($B12="",$H12="",$H12=0,$G12=""),"",$R12/$H12) | U12: =IF($B12="","",IF($T12="","Add value and hours",IF($T12>=Settings!$B$4*Settings!$B$8,"Worth it",IF($T12>=Settings!$B$4,"Thin","Skip?"))))
N13: =IF(OR($F13="",$B13=""),"",$F13-TODAY()) | O13: =IF($B13="","",IF(OR($I13="Won",$I13="Lost",$I13="No bid",$I13="Submitted"),"",IF($F13="","No due date",IF($F13<TODAY(),"OVERDUE",IF($F13-TODAY()<=Settings!$B$10,"Due soon",""))))) | P13: =IF($B13="","",IF(AND($I13="Submitted",$J13<>"",TODAY()-$J13>Settings!$B$9),"Follow up","")) | Q13: =IF($B13="","",IF((COUNTIFS($D$2:$D$200,$D13,$I$2:$I$200,"Won")+COUNTIFS($D$2:$D$200,$D13,$I$2:$I$200,"Lost"))>=Settings!$B$7,COUNTIFS($D$2:$D$200,$D13,$I$2:$I$200,"Won")/(COUNTIFS($D$2:$D$200,$D13,$I$2:$I$200,"Won")+COUNTIFS($D$2:$D$200,$D13,$I$2:$I$200,"Lost")),IF((COUNTIF($I$2:$I$200,"Won")+COUNTIF($I$2:$I$200,"Lost"))>0,COUNTIF($I$2:$I$200,"Won")/(COUNTIF($I$2:$I$200,"Won")+COUNTIF($I$2:$I$200,"Lost")),Settings!$B$6))) | R13: =IF(OR($B13="",$G13=""),"",$G13*$Q13) | S13: =IF(OR($B13="",$H13=""),"",$H13*Settings!$B$4) | T13: =IF(OR($B13="",$H13="",$H13=0,$G13=""),"",$R13/$H13) | U13: =IF($B13="","",IF($T13="","Add value and hours",IF($T13>=Settings!$B$4*Settings!$B$8,"Worth it",IF($T13>=Settings!$B$4,"Thin","Skip?"))))
N14: =IF(OR($F14="",$B14=""),"",$F14-TODAY()) | O14: =IF($B14="","",IF(OR($I14="Won",$I14="Lost",$I14="No bid",$I14="Submitted"),"",IF($F14="","No due date",IF($F14<TODAY(),"OVERDUE",IF($F14-TODAY()<=Settings!$B$10,"Due soon",""))))) | P14: =IF($B14="","",IF(AND($I14="Submitted",$J14<>"",TODAY()-$J14>Settings!$B$9),"Follow up","")) | Q14: =IF($B14="","",IF((COUNTIFS($D$2:$D$200,$D14,$I$2:$I$200,"Won")+COUNTIFS($D$2:$D$200,$D14,$I$2:$I$200,"Lost"))>=Settings!$B$7,COUNTIFS($D$2:$D$200,$D14,$I$2:$I$200,"Won")/(COUNTIFS($D$2:$D$200,$D14,$I$2:$I$200,"Won")+COUNTIFS($D$2:$D$200,$D14,$I$2:$I$200,"Lost")),IF((COUNTIF($I$2:$I$200,"Won")+COUNTIF($I$2:$I$200,"Lost"))>0,COUNTIF($I$2:$I$200,"Won")/(COUNTIF($I$2:$I$200,"Won")+COUNTIF($I$2:$I$200,"Lost")),Settings!$B$6))) | R14: =IF(OR($B14="",$G14=""),"",$G14*$Q14) | S14: =IF(OR($B14="",$H14=""),"",$H14*Settings!$B$4) | T14: =IF(OR($B14="",$H14="",$H14=0,$G14=""),"",$R14/$H14) | U14: =IF($B14="","",IF($T14="","Add value and hours",IF($T14>=Settings!$B$4*Settings!$B$8,"Worth it",IF($T14>=Settings!$B$4,"Thin","Skip?"))))
N15: =IF(OR($F15="",$B15=""),"",$F15-TODAY()) | O15: =IF($B15="","",IF(OR($I15="Won",$I15="Lost",$I15="No bid",$I15="Submitted"),"",IF($F15="","No due date",IF($F15<TODAY(),"OVERDUE",IF($F15-TODAY()<=Settings!$B$10,"Due soon",""))))) | P15: =IF($B15="","",IF(AND($I15="Submitted",$J15<>"",TODAY()-$J15>Settings!$B$9),"Follow up","")) | Q15: =IF($B15="","",IF((COUNTIFS($D$2:$D$200,$D15,$I$2:$I$200,"Won")+COUNTIFS($D$2:$D$200,$D15,$I$2:$I$200,"Lost"))>=Settings!$B$7,COUNTIFS($D$2:$D$200,$D15,$I$2:$I$200,"Won")/(COUNTIFS($D$2:$D$200,$D15,$I$2:$I$200,"Won")+COUNTIFS($D$2:$D$200,$D15,$I$2:$I$200,"Lost")),IF((COUNTIF($I$2:$I$200,"Won")+COUNTIF($I$2:$I$200,"Lost"))>0,COUNTIF($I$2:$I$200,"Won")/(COUNTIF($I$2:$I$200,"Won")+COUNTIF($I$2:$I$200,"Lost")),Settings!$B$6))) | R15: =IF(OR($B15="",$G15=""),"",$G15*$Q15) | S15: =IF(OR($B15="",$H15=""),"",$H15*Settings!$B$4) | T15: =IF(OR($B15="",$H15="",$H15=0,$G15=""),"",$R15/$H15) | U15: =IF($B15="","",IF($T15="","Add value and hours",IF($T15>=Settings!$B$4*Settings!$B$8,"Worth it",IF($T15>=Settings!$B$4,"Thin","Skip?"))))
N16: =IF(OR($F16="",$B16=""),"",$F16-TODAY()) | O16: =IF($B16="","",IF(OR($I16="Won",$I16="Lost",$I16="No bid",$I16="Submitted"),"",IF($F16="","No due date",IF($F16<TODAY(),"OVERDUE",IF($F16-TODAY()<=Settings!$B$10,"Due soon",""))))) | P16: =IF($B16="","",IF(AND($I16="Submitted",$J16<>"",TODAY()-$J16>Settings!$B$9),"Follow up","")) | Q16: =IF($B16="","",IF((COUNTIFS($D$2:$D$200,$D16,$I$2:$I$200,"Won")+COUNTIFS($D$2:$D$200,$D16,$I$2:$I$200,"Lost"))>=Settings!$B$7,COUNTIFS($D$2:$D$200,$D16,$I$2:$I$200,"Won")/(COUNTIFS($D$2:$D$200,$D16,$I$2:$I$200,"Won")+COUNTIFS($D$2:$D$200,$D16,$I$2:$I$200,"Lost")),IF((COUNTIF($I$2:$I$200,"Won")+COUNTIF($I$2:$I$200,"Lost"))>0,COUNTIF($I$2:$I$200,"Won")/(COUNTIF($I$2:$I$200,"Won")+COUNTIF($I$2:$I$200,"Lost")),Settings!$B$6))) | R16: =IF(OR($B16="",$G16=""),"",$G16*$Q16) | S16: =IF(OR($B16="",$H16=""),"",$H16*Settings!$B$4) | T16: =IF(OR($B16="",$H16="",$H16=0,$G16=""),"",$R16/$H16) | U16: =IF($B16="","",IF($T16="","Add value and hours",IF($T16>=Settings!$B$4*Settings!$B$8,"Worth it",IF($T16>=Settings!$B$4,"Thin","Skip?"))))
N17: =IF(OR($F17="",$B17=""),"",$F17-TODAY()) | O17: =IF($B17="","",IF(OR($I17="Won",$I17="Lost",$I17="No bid",$I17="Submitted"),"",IF($F17="","No due date",IF($F17<TODAY(),"OVERDUE",IF($F17-TODAY()<=Settings!$B$10,"Due soon",""))))) | P17: =IF($B17="","",IF(AND($I17="Submitted",$J17<>"",TODAY()-$J17>Settings!$B$9),"Follow up","")) | Q17: =IF($B17="","",IF((COUNTIFS($D$2:$D$200,$D17,$I$2:$I$200,"Won")+COUNTIFS($D$2:$D$200,$D17,$I$2:$I$200,"Lost"))>=Settings!$B$7,COUNTIFS($D$2:$D$200,$D17,$I$2:$I$200,"Won")/(COUNTIFS($D$2:$D$200,$D17,$I$2:$I$200,"Won")+COUNTIFS($D$2:$D$200,$D17,$I$2:$I$200,"Lost")),IF((COUNTIF($I$2:$I$200,"Won")+COUNTIF($I$2:$I$200,"Lost"))>0,COUNTIF($I$2:$I$200,"Won")/(COUNTIF($I$2:$I$200,"Won")+COUNTIF($I$2:$I$200,"Lost")),Settings!$B$6))) | R17: =IF(OR($B17="",$G17=""),"",$G17*$Q17) | S17: =IF(OR($B17="",$H17=""),"",$H17*Settings!$B$4) | T17: =IF(OR($B17="",$H17="",$H17=0,$G17=""),"",$R17/$H17) | U17: =IF($B17="","",IF($T17="","Add value and hours",IF($T17>=Settings!$B$4*Settings!$B$8,"Worth it",IF($T17>=Settings!$B$4,"Thin","Skip?"))))
N18: =IF(OR($F18="",$B18=""),"",$F18-TODAY()) | O18: =IF($B18="","",IF(OR($I18="Won",$I18="Lost",$I18="No bid",$I18="Submitted"),"",IF($F18="","No due date",IF($F18<TODAY(),"OVERDUE",IF($F18-TODAY()<=Settings!$B$10,"Due soon",""))))) | P18: =IF($B18="","",IF(AND($I18="Submitted",$J18<>"",TODAY()-$J18>Settings!$B$9),"Follow up","")) | Q18: =IF($B18="","",IF((COUNTIFS($D$2:$D$200,$D18,$I$2:$I$200,"Won")+COUNTIFS($D$2:$D$200,$D18,$I$2:$I$200,"Lost"))>=Settings!$B$7,COUNTIFS($D$2:$D$200,$D18,$I$2:$I$200,"Won")/(COUNTIFS($D$2:$D$200,$D18,$I$2:$I$200,"Won")+COUNTIFS($D$2:$D$200,$D18,$I$2:$I$200,"Lost")),IF((COUNTIF($I$2:$I$200,"Won")+COUNTIF($I$2:$I$200,"Lost"))>0,COUNTIF($I$2:$I$200,"Won")/(COUNTIF($I$2:$I$200,"Won")+COUNTIF($I$2:$I$200,"Lost")),Settings!$B$6))) | R18: =IF(OR($B18="",$G18=""),"",$G18*$Q18) | S18: =IF(OR($B18="",$H18=""),"",$H18*Settings!$B$4) | T18: =IF(OR($B18="",$H18="",$H18=0,$G18=""),"",$R18/$H18) | U18: =IF($B18="","",IF($T18="","Add value and hours",IF($T18>=Settings!$B$4*Settings!$B$8,"Worth it",IF($T18>=Settings!$B$4,"Thin","Skip?"))))
N19: =IF(OR($F19="",$B19=""),"",$F19-TODAY()) | O19: =IF($B19="","",IF(OR($I19="Won",$I19="Lost",$I19="No bid",$I19="Submitted"),"",IF($F19="","No due date",IF($F19<TODAY(),"OVERDUE",IF($F19-TODAY()<=Settings!$B$10,"Due soon",""))))) | P19: =IF($B19="","",IF(AND($I19="Submitted",$J19<>"",TODAY()-$J19>Settings!$B$9),"Follow up","")) | Q19: =IF($B19="","",IF((COUNTIFS($D$2:$D$200,$D19,$I$2:$I$200,"Won")+COUNTIFS($D$2:$D$200,$D19,$I$2:$I$200,"Lost"))>=Settings!$B$7,COUNTIFS($D$2:$D$200,$D19,$I$2:$I$200,"Won")/(COUNTIFS($D$2:$D$200,$D19,$I$2:$I$200,"Won")+COUNTIFS($D$2:$D$200,$D19,$I$2:$I$200,"Lost")),IF((COUNTIF($I$2:$I$200,"Won")+COUNTIF($I$2:$I$200,"Lost"))>0,COUNTIF($I$2:$I$200,"Won")/(COUNTIF($I$2:$I$200,"Won")+COUNTIF($I$2:$I$200,"Lost")),Settings!$B$6))) | R19: =IF(OR($B19="",$G19=""),"",$G19*$Q19) | S19: =IF(OR($B19="",$H19=""),"",$H19*Settings!$B$4) | T19: =IF(OR($B19="",$H19="",$H19=0,$G19=""),"",$R19/$H19) | U19: =IF($B19="","",IF($T19="","Add value and hours",IF($T19>=Settings!$B$4*Settings!$B$8,"Worth it",IF($T19>=Settings!$B$4,"Thin","Skip?"))))
N20: =IF(OR($F20="",$B20=""),"",$F20-TODAY()) | O20: =IF($B20="","",IF(OR($I20="Won",$I20="Lost",$I20="No bid",$I20="Submitted"),"",IF($F20="","No due date",IF($F20<TODAY(),"OVERDUE",IF($F20-TODAY()<=Settings!$B$10,"Due soon",""))))) | P20: =IF($B20="","",IF(AND($I20="Submitted",$J20<>"",TODAY()-$J20>Settings!$B$9),"Follow up","")) | Q20: =IF($B20="","",IF((COUNTIFS($D$2:$D$200,$D20,$I$2:$I$200,"Won")+COUNTIFS($D$2:$D$200,$D20,$I$2:$I$200,"Lost"))>=Settings!$B$7,COUNTIFS($D$2:$D$200,$D20,$I$2:$I$200,"Won")/(COUNTIFS($D$2:$D$200,$D20,$I$2:$I$200,"Won")+COUNTIFS($D$2:$D$200,$D20,$I$2:$I$200,"Lost")),IF((COUNTIF($I$2:$I$200,"Won")+COUNTIF($I$2:$I$200,"Lost"))>0,COUNTIF($I$2:$I$200,"Won")/(COUNTIF($I$2:$I$200,"Won")+COUNTIF($I$2:$I$200,"Lost")),Settings!$B$6))) | R20: =IF(OR($B20="",$G20=""),"",$G20*$Q20) | S20: =IF(OR($B20="",$H20=""),"",$H20*Settings!$B$4) | T20: =IF(OR($B20="",$H20="",$H20=0,$G20=""),"",$R20/$H20) | U20: =IF($B20="","",IF($T20="","Add value and hours",IF($T20>=Settings!$B$4*Settings!$B$8,"Worth it",IF($T20>=Settings!$B$4,"Thin","Skip?"))))
N21: =IF(OR($F21="",$B21=""),"",$F21-TODAY()) | O21: =IF($B21="","",IF(OR($I21="Won",$I21="Lost",$I21="No bid",$I21="Submitted"),"",IF($F21="","No due date",IF($F21<TODAY(),"OVERDUE",IF($F21-TODAY()<=Settings!$B$10,"Due soon",""))))) | P21: =IF($B21="","",IF(AND($I21="Submitted",$J21<>"",TODAY()-$J21>Settings!$B$9),"Follow up","")) | Q21: =IF($B21="","",IF((COUNTIFS($D$2:$D$200,$D21,$I$2:$I$200,"Won")+COUNTIFS($D$2:$D$200,$D21,$I$2:$I$200,"Lost"))>=Settings!$B$7,COUNTIFS($D$2:$D$200,$D21,$I$2:$I$200,"Won")/(COUNTIFS($D$2:$D$200,$D21,$I$2:$I$200,"Won")+COUNTIFS($D$2:$D$200,$D21,$I$2:$I$200,"Lost")),IF((COUNTIF($I$2:$I$200,"Won")+COUNTIF($I$2:$I$200,"Lost"))>0,COUNTIF($I$2:$I$200,"Won")/(COUNTIF($I$2:$I$200,"Won")+COUNTIF($I$2:$I$200,"Lost")),Settings!$B$6))) | R21: =IF(OR($B21="",$G21=""),"",$G21*$Q21) | S21: =IF(OR($B21="",$H21=""),"",$H21*Settings!$B$4) | T21: =IF(OR($B21="",$H21="",$H21=0,$G21=""),"",$R21/$H21) | U21: =IF($B21="","",IF($T21="","Add value and hours",IF($T21>=Settings!$B$4*Settings!$B$8,"Worth it",IF($T21>=Settings!$B$4,"Thin","Skip?"))))
... N200: =IF(OR($F200="",$B200=""),"",$F200-TODAY()) | O200: =IF($B200="","",IF(OR($I200="Won",$I200="Lost",$I200="No bid",$I200="Submitted"),"",IF($F200="","No due date",IF($F200<TODAY(),"OVERDUE",IF($F200-TODAY()<=Settings!$B$10,"Due soon",""))))) | P200: =IF($B200="","",IF(AND($I200="Submitted",$J200<>"",TODAY()-$J200>Settings!$B$9),"Follow up","")) | Q200: =IF($B200="","",IF((COUNTIFS($D$2:$D$200,$D200,$I$2:$I$200,"Won")+COUNTIFS($D$2:$D$200,$D200,$I$2:$I$200,"Lost"))>=Settings!$B$7,COUNTIFS($D$2:$D$200,$D200,$I$2:$I$200,"Won")/(COUNTIFS($D$2:$D$200,$D200,$I$2:$I$200,"Won")+COUNTIFS($D$2:$D$200,$D200,$I$2:$I$200,"Lost")),IF((COUNTIF($I$2:$I$200,"Won")+COUNTIF($I$2:$I$200,"Lost"))>0,COUNTIF($I$2:$I$200,"Won")/(COUNTIF($I$2:$I$200,"Won")+COUNTIF($I$2:$I$200,"Lost")),Settings!$B$6))) | R200: =IF(OR($B200="",$G200=""),"",$G200*$Q200) | S200: =IF(OR($B200="",$H200=""),"",$H200*Settings!$B$4) | T200: =IF(OR($B200="",$H200="",$H200=0,$G200=""),"",$R200/$H200) | U200: =IF($B200="","",IF($T200="","Add value and hours",IF($T200>=Settings!$B$4*Settings!$B$8,"Worth it",IF($T200>=Settings!$B$4,"Thin","Skip?"))))

Sheet Summary
A1: Summary
A2: Everything here is computed from the Bids sheet. Nothing to enter.
A4: Overall
A5: Bids decided (won + lost) | B5: =COUNTIF(Bids!$I$2:$I$200,"Won")+COUNTIF(Bids!$I$2:$I$200,"Lost")
A6: Overall win rate | B6: =IF(B5=0,"",COUNTIF(Bids!$I$2:$I$200,"Won")/B5)
A7: Average value of bids won ($) | B7: =IF(COUNTIF(Bids!$I$2:$I$200,"Won")=0,"",AVERAGEIF(Bids!$I$2:$I$200,"Won",Bids!$G$2:$G$200))
A8: Average value of bids lost ($) | B8: =IF(COUNTIF(Bids!$I$2:$I$200,"Lost")=0,"",AVERAGEIF(Bids!$I$2:$I$200,"Lost",Bids!$G$2:$G$200))
A9: Hours spent bidding (decided bids) | B9: =SUMIF(Bids!$I$2:$I$200,"Won",Bids!$H$2:$H$200)+SUMIF(Bids!$I$2:$I$200,"Lost",Bids!$H$2:$H$200)
A10: Bidding hours per $1,000 won | B10: =IF(SUMIF(Bids!$I$2:$I$200,"Won",Bids!$G$2:$G$200)=0,"",B9/(SUMIF(Bids!$I$2:$I$200,"Won",Bids!$G$2:$G$200)/1000))
A11: Submitted, awaiting a decision ($) | B11: =SUMIF(Bids!$I$2:$I$200,"Submitted",Bids!$G$2:$G$200)
A12: Monthly capacity from Settings ($) | B12: =Settings!$B$5
A13: Submitted value as a share of one month's capacity | B13: =IF(B12=0,"",B11/B12)
A14: Bids flagged for follow-up | B14: =COUNTIF(Bids!$P$2:$P$200,"Follow up")
A15: Bids overdue or due soon | B15: =COUNTIF(Bids!$O$2:$O$200,"OVERDUE")+COUNTIF(Bids!$O$2:$O$200,"Due soon")
A18: By lead source
A19: Lead source | B19: Won | C19: Lost | D19: Win rate | E19: Won value ($) | F19: Hours bidding | G19: Won $ per bid hour
A20: =IF(Settings!$A$14="","",Settings!$A$14) | B20: =IF($A20="","",COUNTIFS(Bids!$D$2:$D$200,$A20,Bids!$I$2:$I$200,"Won")) | C20: =IF($A20="","",COUNTIFS(Bids!$D$2:$D$200,$A20,Bids!$I$2:$I$200,"Lost")) | D20: =IF($A20="","",IF(($B20+$C20)=0,"",$B20/($B20+$C20))) | E20: =IF($A20="","",SUMIFS(Bids!$G$2:$G$200,Bids!$D$2:$D$200,$A20,Bids!$I$2:$I$200,"Won")) | F20: =IF($A20="","",SUMIFS(Bids!$H$2:$H$200,Bids!$D$2:$D$200,$A20,Bids!$I$2:$I$200,"Won")+SUMIFS(Bids!$H$2:$H$200,Bids!$D$2:$D$200,$A20,Bids!$I$2:$I$200,"Lost")) | G20: =IF($A20="","",IF($F20=0,"",$E20/$F20))
A21: =IF(Settings!$A$15="","",Settings!$A$15) | B21: =IF($A21="","",COUNTIFS(Bids!$D$2:$D$200,$A21,Bids!$I$2:$I$200,"Won")) | C21: =IF($A21="","",COUNTIFS(Bids!$D$2:$D$200,$A21,Bids!$I$2:$I$200,"Lost")) | D21: =IF($A21="","",IF(($B21+$C21)=0,"",$B21/($B21+$C21))) | E21: =IF($A21="","",SUMIFS(Bids!$G$2:$G$200,Bids!$D$2:$D$200,$A21,Bids!$I$2:$I$200,"Won")) | F21: =IF($A21="","",SUMIFS(Bids!$H$2:$H$200,Bids!$D$2:$D$200,$A21,Bids!$I$2:$I$200,"Won")+SUMIFS(Bids!$H$2:$H$200,Bids!$D$2:$D$200,$A21,Bids!$I$2:$I$200,"Lost")) | G21: =IF($A21="","",IF($F21=0,"",$E21/$F21))
A22: =IF(Settings!$A$16="","",Settings!$A$16) | B22: =IF($A22="","",COUNTIFS(Bids!$D$2:$D$200,$A22,Bids!$I$2:$I$200,"Won")) | C22: =IF($A22="","",COUNTIFS(Bids!$D$2:$D$200,$A22,Bids!$I$2:$I$200,"Lost")) | D22: =IF($A22="","",IF(($B22+$C22)=0,"",$B22/($B22+$C22))) | E22: =IF($A22="","",SUMIFS(Bids!$G$2:$G$200,Bids!$D$2:$D$200,$A22,Bids!$I$2:$I$200,"Won")) | F22: =IF($A22="","",SUMIFS(Bids!$H$2:$H$200,Bids!$D$2:$D$200,$A22,Bids!$I$2:$I$200,"Won")+SUMIFS(Bids!$H$2:$H$200,Bids!$D$2:$D$200,$A22,Bids!$I$2:$I$200,"Lost")) | G22: =IF($A22="","",IF($F22=0,"",$E22/$F22))
A23: =IF(Settings!$A$17="","",Settings!$A$17) | B23: =IF($A23="","",COUNTIFS(Bids!$D$2:$D$200,$A23,Bids!$I$2:$I$200,"Won")) | C23: =IF($A23="","",COUNTIFS(Bids!$D$2:$D$200,$A23,Bids!$I$2:$I$200,"Lost")) | D23: =IF($A23="","",IF(($B23+$C23)=0,"",$B23/($B23+$C23))) | E23: =IF($A23="","",SUMIFS(Bids!$G$2:$G$200,Bids!$D$2:$D$200,$A23,Bids!$I$2:$I$200,"Won")) | F23: =IF($A23="","",SUMIFS(Bids!$H$2:$H$200,Bids!$D$2:$D$200,$A23,Bids!$I$2:$I$200,"Won")+SUMIFS(Bids!$H$2:$H$200,Bids!$D$2:$D$200,$A23,Bids!$I$2:$I$200,"Lost")) | G23: =IF($A23="","",IF($F23=0,"",$E23/$F23))
A24: =IF(Settings!$A$18="","",Settings!$A$18) | B24: =IF($A24="","",COUNTIFS(Bids!$D$2:$D$200,$A24,Bids!$I$2:$I$200,"Won")) | C24: =IF($A24="","",COUNTIFS(Bids!$D$2:$D$200,$A24,Bids!$I$2:$I$200,"Lost")) | D24: =IF($A24="","",IF(($B24+$C24)=0,"",$B24/($B24+$C24))) | E24: =IF($A24="","",SUMIFS(Bids!$G$2:$G$200,Bids!$D$2:$D$200,$A24,Bids!$I$2:$I$200,"Won")) | F24: =IF($A24="","",SUMIFS(Bids!$H$2:$H$200,Bids!$D$2:$D$200,$A24,Bids!$I$2:$I$200,"Won")+SUMIFS(Bids!$H$2:$H$200,Bids!$D$2:$D$200,$A24,Bids!$I$2:$I$200,"Lost")) | G24: =IF($A24="","",IF($F24=0,"",$E24/$F24))
A25: =IF(Settings!$A$19="","",Settings!$A$19) | B25: =IF($A25="","",COUNTIFS(Bids!$D$2:$D$200,$A25,Bids!$I$2:$I$200,"Won")) | C25: =IF($A25="","",COUNTIFS(Bids!$D$2:$D$200,$A25,Bids!$I$2:$I$200,"Lost")) | D25: =IF($A25="","",IF(($B25+$C25)=0,"",$B25/($B25+$C25))) | E25: =IF($A25="","",SUMIFS(Bids!$G$2:$G$200,Bids!$D$2:$D$200,$A25,Bids!$I$2:$I$200,"Won")) | F25: =IF($A25="","",SUMIFS(Bids!$H$2:$H$200,Bids!$D$2:$D$200,$A25,Bids!$I$2:$I$200,"Won")+SUMIFS(Bids!$H$2:$H$200,Bids!$D$2:$D$200,$A25,Bids!$I$2:$I$200,"Lost")) | G25: =IF($A25="","",IF($F25=0,"",$E25/$F25))
A26: =IF(Settings!$A$20="","",Settings!$A$20) | B26: =IF($A26="","",COUNTIFS(Bids!$D$2:$D$200,$A26,Bids!$I$2:$I$200,"Won")) | C26: =IF($A26="","",COUNTIFS(Bids!$D$2:$D$200,$A26,Bids!$I$2:$I$200,"Lost")) | D26: =IF($A26="","",IF(($B26+$C26)=0,"",$B26/($B26+$C26))) | E26: =IF($A26="","",SUMIFS(Bids!$G$2:$G$200,Bids!$D$2:$D$200,$A26,Bids!$I$2:$I$200,"Won")) | F26: =IF($A26="","",SUMIFS(Bids!$H$2:$H$200,Bids!$D$2:$D$200,$A26,Bids!$I$2:$I$200,"Won")+SUMIFS(Bids!$H$2:$H$200,Bids!$D$2:$D$200,$A26,Bids!$I$2:$I$200,"Lost")) | G26: =IF($A26="","",IF($F26=0,"",$E26/$F26))
A27: =IF(Settings!$A$21="","",Settings!$A$21) | B27: =IF($A27="","",COUNTIFS(Bids!$D$2:$D$200,$A27,Bids!$I$2:$I$200,"Won")) | C27: =IF($A27="","",COUNTIFS(Bids!$D$2:$D$200,$A27,Bids!$I$2:$I$200,"Lost")) | D27: =IF($A27="","",IF(($B27+$C27)=0,"",$B27/($B27+$C27))) | E27: =IF($A27="","",SUMIFS(Bids!$G$2:$G$200,Bids!$D$2:$D$200,$A27,Bids!$I$2:$I$200,"Won")) | F27: =IF($A27="","",SUMIFS(Bids!$H$2:$H$200,Bids!$D$2:$D$200,$A27,Bids!$I$2:$I$200,"Won")+SUMIFS(Bids!$H$2:$H$200,Bids!$D$2:$D$200,$A27,Bids!$I$2:$I$200,"Lost")) | G27: =IF($A27="","",IF($F27=0,"",$E27/$F27))
A28: =IF(Settings!$A$22="","",Settings!$A$22) | B28: =IF($A28="","",COUNTIFS(Bids!$D$2:$D$200,$A28,Bids!$I$2:$I$200,"Won")) | C28: =IF($A28="","",COUNTIFS(Bids!$D$2:$D$200,$A28,Bids!$I$2:$I$200,"Lost")) | D28: =IF($A28="","",IF(($B28+$C28)=0,"",$B28/($B28+$C28))) | E28: =IF($A28="","",SUMIFS(Bids!$G$2:$G$200,Bids!$D$2:$D$200,$A28,Bids!$I$2:$I$200,"Won")) | F28: =IF($A28="","",SUMIFS(Bids!$H$2:$H$200,Bids!$D$2:$D$200,$A28,Bids!$I$2:$I$200,"Won")+SUMIFS(Bids!$H$2:$H$200,Bids!$D$2:$D$200,$A28,Bids!$I$2:$I$200,"Lost")) | G28: =IF($A28="","",IF($F28=0,"",$E28/$F28))
A29: =IF(Settings!$A$23="","",Settings!$A$23) | B29: =IF($A29="","",COUNTIFS(Bids!$D$2:$D$200,$A29,Bids!$I$2:$I$200,"Won")) | C29: =IF($A29="","",COUNTIFS(Bids!$D$2:$D$200,$A29,Bids!$I$2:$I$200,"Lost")) | D29: =IF($A29="","",IF(($B29+$C29)=0,"",$B29/($B29+$C29))) | E29: =IF($A29="","",SUMIFS(Bids!$G$2:$G$200,Bids!$D$2:$D$200,$A29,Bids!$I$2:$I$200,"Won")) | F29: =IF($A29="","",SUMIFS(Bids!$H$2:$H$200,Bids!$D$2:$D$200,$A29,Bids!$I$2:$I$200,"Won")+SUMIFS(Bids!$H$2:$H$200,Bids!$D$2:$D$200,$A29,Bids!$I$2:$I$200,"Lost")) | G29: =IF($A29="","",IF($F29=0,"",$E29/$F29))
A32: Why you lost
A33: Reason | B33: Count
A34: =IF(Settings!$A$34="","",Settings!$A$34) | B34: =IF($A34="","",COUNTIFS(Bids!$L$2:$L$200,$A34,Bids!$I$2:$I$200,"Lost"))
A35: =IF(Settings!$A$35="","",Settings!$A$35) | B35: =IF($A35="","",COUNTIFS(Bids!$L$2:$L$200,$A35,Bids!$I$2:$I$200,"Lost"))
A36: =IF(Settings!$A$36="","",Settings!$A$36) | B36: =IF($A36="","",COUNTIFS(Bids!$L$2:$L$200,$A36,Bids!$I$2:$I$200,"Lost"))
A37: =IF(Settings!$A$37="","",Settings!$A$37) | B37: =IF($A37="","",COUNTIFS(Bids!$L$2:$L$200,$A37,Bids!$I$2:$I$200,"Lost"))
A38: =IF(Settings!$A$38="","",Settings!$A$38) | B38: =IF($A38="","",COUNTIFS(Bids!$L$2:$L$200,$A38,Bids!$I$2:$I$200,"Lost"))
A39: =IF(Settings!$A$39="","",Settings!$A$39) | B39: =IF($A39="","",COUNTIFS(Bids!$L$2:$L$200,$A39,Bids!$I$2:$I$200,"Lost"))
A40: =IF(Settings!$A$40="","",Settings!$A$40) | B40: =IF($A40="","",COUNTIFS(Bids!$L$2:$L$200,$A40,Bids!$I$2:$I$200,"Lost"))
A41: =IF(Settings!$A$41="","",Settings!$A$41) | B41: =IF($A41="","",COUNTIFS(Bids!$L$2:$L$200,$A41,Bids!$I$2:$I$200,"Lost"))
